{
	"LG0001": {
		"Type": "I",
		"Message": "System timeout. 5 minutes exceeded. Please close window or continue to wait."
	},
	"LG0002": {
		"Type": "E",
		"Message": "If CC is pop'd, PON, PROJ,  RPON, D/R Begin Date or D/R Begin & End Date Req'd"
	},
	"LG0003": {
		"Type": "E",
		"Message": "DATE RECEIVED END DATE must be > or = to DATE RECEIVED BEGIN DATE"
	},
	"LG0005": {
		"Type": "E",
		"Message": "Verify New Password required to match New Password"
	},
	"LG0006": {
		"Type": "E",
		"Message": "%FIELD_NAME% is required"
	},
	"LG0007": {
		"Type": "E",
		"Message": "%FIELD_NAME% is %LENGTH% characters in length"
	},
	"LG0009": {
		"Type": "E",
		"Message": "%FIELD_NAME% must be in valid format (%FORMAT%)"
	},
	"LG0010": {
		"Type": "E",
		"Message": "Copy Rec was not successful.  Rows to copy to were not selected."
	},
	"LG0011": {
		"Type": "I",
		"Message": "0 Records found"
	},
	"LG0012": {
		"Type": "E",
		"Message": "User ID or Wrkgrp ID is required"
	},
	"LG0013": {
		"Type": "Q",
		"Message": "Are you sure you want to exit?"
	},
	"LG0016": {
		"Type": "I",
		"Message": "Update successful"
	},
	"LG0017": {
		"Type": "W",
		"Message": "Update not successful. Click on show errors to view errors."
	},
	"LG0018": {
		"Type": "Q",
		"Message": "Changes have not been saved.  Are you sure you want to close?"
	},
	"LG0019": {
		"Type": "E",
		"Message": "%FIELD_NAME% must be same for same order"
	},
	"LG0020": {
		"Type": "F",
		"Message": "General MQ Series Error"
	},
	"LG0021": {
		"Type": "E",
		"Message": "Incorrect Password Entered"
	},
	"LG0022": {
		"Type": "F",
		"Message": "General MVS error"
	},
	"LG0023": {
		"Type": "F",
		"Message": "General Communication error"
	},
	"LG0024": {
		"Type": "F",
		"Message": "General GUI error"
	},
	"LG0027": {
		"Type": "E",
		"Message": "No changes made.  Nothing to save"
	},
	"LG0029": {
		"Type": "E",
		"Message": "User ID already exists.  Duplicates are not allowed"
	},
	"LG0031": {
		"Type": "E",
		"Message": "PON or D/R Begin Date is required"
	},
	"LG0032": {
		"Type": "E",
		"Message": "LSRN already in FOC status, ISSUE cannot be performed"
	},
	"LG0033": {
		"Type": "E",
		"Message": "LSRN already in SOC status, ISSUE cannot be performed"
	},
	"LG0034": {
		"Type": "E",
		"Message": "LSRN has been canceled, ISSUE cannot be performed"
	},
	"LG0035": {
		"Type": "E",
		"Message": "Reject Code is required"
	},
	"LG0036": {
		"Type": "E",
		"Message": "User ID has been revoked"
	},
	"LG0038": {
		"Type": "E",
		"Message": "Invalid LASR User"
	},
	"LG0039": {
		"Type": "E",
		"Message": "LASR Service information not found in INI file"
	},
	"LG0040": {
		"Type": "F",
		"Message": "Application is already running"
	},
	"LG0042": {
		"Type": "E",
		"Message": "If End Date populated, Begin Date required"
	},
	"LG0043": {
		"Type": "E",
		"Message": "If End Date populated, End Date must be > Begin Date"
	},
	"LG0044": {
		"Type": "E",
		"Message": "If End Date populated, cannot be > 7 calendar days from Begin Date"
	},
	"LG0045": {
		"Type": "Q",
		"Message": "LSR is already in use by %PARM%.  Do you want a Read Only copy?"
	},
	"LG0048": {
		"Type": "E",
		"Message": "Completion Date must be in valid format: 'MM/DD/YYYY'"
	},
	"LG0049": {
		"Type": "E",
		"Message": "If Due Date populated, must be in valid format: 'MM/DD/YYYY'"
	},
	"LG0057": {
		"Type": "E",
		"Message": "%FIELD_NAME% is not a valid date"
	},
	"LG0058": {
		"Type": "I",
		"Message": "Logoff successful"
	},
	"LG0059": {
		"Type": "W",
		"Message": "Logoff unsuccessful"
	},
	"LG0060": {
		"Type": "I",
		"Message": "Logoff sent to LASR"
	},
	"LG0063": {
		"Type": "E",
		"Message": "Request is open"
	},
	"LG0064": {
		"Type": "E",
		"Message": "User ID cannot be same as Logon ID"
	},
	"LG0065": {
		"Type": "E",
		"Message": "%FIELD_NAME% contains invalid characters"
	},
	"LG0066": {
		"Type": "E",
		"Message": "Invalid password"
	},
	"LG0067": {
		"Type": "E",
		"Message": "User is disconnected"
	},
	"LG0068": {
		"Type": "E",
		"Message": "Jeopardy cannot be sent on present request status"
	},
	"LG0069": {
		"Type": "E",
		"Message": "LSRN already in ERROR status, ISSUE cannot be performed"
	},
	"LG0070": {
		"Type": "E",
		"Message": "Incorrect User ID or Password entered"
	},
	"LG0113": {
		"Type": "E",
		"Message": "If order number is present must be 9 A/N.  Format ANNNNNNNN"
	},
	"LG0115": {
		"Type": "E",
		"Message": "If NPORD and LORD/ORDL is populated for same itemnum, the data cannot match"
	},
	"LG0118": {
		"Type": "E",
		"Message": "Cannot Complete, greater LSR versions exist"
	},
	"LG0120": {
		"Type": "Q",
		"Message": "User must Issue response before moving to next Tab. Do you want to Issue?"
	},
	"LG0121": {
		"Type": "Q",
		"Message": "User must save data before moving to next Tab. Do you want to Save?"
	},
	"LG0122": {
		"Type": "E",
		"Message": "Follow Up Date must be equal to or greater than current date."
	},
	"LG0123": {
		"Type": "E",
		"Message": "Notes text required."
	},
	"LG0124": {
		"Type": "E",
		"Message": "Cannot issue follow-up, subsequent version(s) received."
	},
	"LG0128": {
		"Type": "E",
		"Message": "Must populate the Begin Date, End Date optional."
	},
	"LG0129": {
		"Type": "E",
		"Message": "Due Date must be in valid format: MM/DD/YYYY or X."
	},
	"LG0131": {
		"Type": "E",
		"Message": "If Begin Due Date = 'X',  End Due Date must be blank."
	},
	"LG0132": {
		"Type": "E",
		"Message": "ESDD required if RCODE is 5A or 5C, or 5E."
	},
	"LG0134": {
		"Type": "E",
		"Message": "If order number present, must be 7A/N or 11A/N",
		"Message_9S": "If order number present, must be 11 A/N."
	},
	"LG0136": {
		"Type": "E",
		"Message": "Incorrect ECCKT format.  See LSOR for specific product."
	},
	"LG0137": {
		"Type": "E",
		"Message": "If TERS populated, valid entry is 0-9999."
	},
	"LG0138": {
		"Type": "E",
		"Message": "If HID populated, valid format is A - ZZZ, 1 - 9999 or ANNN."
	},
	"LG0139": {
		"Type": "E",
		"Message": "If RTI populated, valid entry is 1 - 6 A/N."
	},
	"LG0143": {
		"Type": "E",
		"Message": "ECCKT required when RCODE is 4F."
	},
	"LG0144": {
		"Type": "E",
		"Message": "TNS required when RCODE is 4G or 4K."
	},
	"LG0145": {
		"Type": "E",
		"Message": "User no longer available for distribution. Please select another user."
	},
	"LG0151": {
		"Type": "E",
		"Message": "LSRN posted, ISSUE cannot be performed"
	},
	"LG0153": {
		"Type": "E",
		"Message": "A resend is not allowed if the request is in Cancelled, Completed, or Posted to Bill statuses."
	},
	"LG0157": {
		"Type": "E",
		"Message": "PIA cannot be created/sent.  Greater good version exists."
	},
	"LG0158": {
		"Type": "E",
		"Message": "PIA cannot be created if LSR/ver is not in one of the 'confirmed' statuses."
	},
	"LG0161": {
		"Type": "E",
		"Message": "JEP RCode beginning with 4 not sent, can't issue Cancel."
	},
	"LG0164": {
		"Type": "E",
		"Message": "FOC Resend cannot be sent when greater confirmed version of request exists."
	},
	"LG0165": {
		"Type": "E",
		"Message": "Cannot PTB, greater LSR versions exist."
	},
	"LG0168": {
		"Type": "Q",
		"Message": "CC not Provider eligible.  Losing CC same as LSR CC. %PARM%"
	},
	"LG0169": {
		"Type": "Q",
		"Message": "CC not Provider eligible.  Losing CC is AT&T. %PARM%"
	},
	"LG0170": {
		"Type": "Q",
		"Message": "CC not Provider eligible.  Losing CC is same Corporate Entity. %PARM%"
	},
	"LG0172": {
		"Type": "Q",
		"Message": "CC not a valid Company Code. %PARM%"
	},
	"LG0174": {
		"Type": "E",
		"Message": "WTN must be 999-999-9999 or 999-999-9999-9999"
	},
	"LG0175": {
		"Type": "E",
		"Message": "Invalid range.  End range numbers must be greater than beginning range"
	},
	"LG0176": {
		"Type": "E",
		"Message": "Duplicate Provider data."
	},
	"LG0177": {
		"Type": "E",
		"Message": "FDT must be same or blank for all orders, both at request and detail level"
	},
	"LG0178": {
		"Type": "E",
		"Message": "Duplicate Order values are not allowed between Request Orders and Detail Orders."
	},
	"LG0179": {
		"Type": "E",
		"Message": "Duplicate Order numbers are not allowed."
	},
	"LG0180": {
		"Type": "E",
		"Message": "ATN populated, cannot be changed from data to blanks"
	},
	"LG0181": {
		"Type": "E",
		"Message": "If TLI data populated, valid TN format: NNNNNNNNNN"
	},
	"LG0182": {
		"Type": "E",
		"Message": "If ISPID populated, valid format is 10, 11 or 14 numeric."
	},
	"LG0183": {
		"Type": "E",
		"Message": "If ISPID populated, valid entry must be 14 numeric"
	},
	"LG0184": {
		"Type": "E",
		"Message": "HID populated, cannot be changed from data to blanks"
	},
	"LG0186": {
		"Type": "E",
		"Message": "TLI populated, cannot be changed from data to blanks"
	},
	"LG0188": {
		"Type": "E",
		"Message": "Invalid CFA format on Jep."
	},
	"LG0189": {
		"Type": "E",
		"Message": "Invalid CCEA format on Jep."
	},
	"LG0190": {
		"Type": "E",
		"Message": "Invalid ECCKT/FECCKT on Jep -- must be 15-41 alpha/numeric/special"
	},
	"LG0191": {
		"Type": "E",
		"Message": "Invalid TNS format on Jep."
	},
	"LG0192": {
		"Type": "E",
		"Message": "Invalid parent/child Jeopardy data.  Contact System Administrator."
	},
	"LG0193": {
		"Type": "E",
		"Message": "Invalid internal Jeopardy sequence number.  Contact System Administrator"
	},
	"LG0194": {
		"Type": "E",
		"Message": "ORD is required when DD populated.",
		"Message_9S": "%FIELD_NAME% is required when DD populated."
	},
	"LG0195": {
		"Type": "E",
		"Message": "DD is required when ORD is populated.",
		"Message_9S": "DD or DD/CD is required when %FIELD_NAME% is populated otherwise prohibited."
	},
	"LG0196": {
		"Type": "E",
		"Message": "FDT is optional when ORD is populated, otherwise prohibited."
	},
	"LG0198": {
		"Type": "E",
		"Message": "NPORD is required if Ported# is populated on this LNUM."
	},
	"LG0199": {
		"Type": "E",
		"Message": "DD is required if NPORD is populated."
	},
	"LG0200": {
		"Type": "E",
		"Message": "DD is required if LORD/ORDL is populated."
	},
	"LG0206": {
		"Type": "I",
		"Message": "CC is eligible for a Provider."
	},
	"LG0207": {
		"Type": "E",
		"Message": "Error processing data -- please close window and try again."
	},
	"LG0208": {
		"Type": "E",
		"Message": "Must populate WTN, ECCKT, or both."
	},
	"LG0211": {
		"Type": "E",
		"Message": "Other changes need to be saved/issued, Issue Cancel cannot be performed."
	},
	"LG0212": {
		"Type": "E",
		"Message": "Other changes need to be saved/issued, Issue Resend cannot be performed."
	},
	"LG0213": {
		"Type": "E",
		"Message": "Other changes need to be saved/issued, Issue Manual Reject cannot be performed."
	},
	"LG0214": {
		"Type": "E",
		"Message": "Other changes need to be saved/issued, Save Note cannot be performed."
	},
	"LG0215": {
		"Type": "E",
		"Message": "If TNS populated, must be in valid format:  NNN-NNN-NNNN"
	},
	"LG0216": {
		"Type": "E",
		"Message": "If populated, FDT must be 6 alpha-numeric"
	},
	"LG0217": {
		"Type": "E",
		"Message": "ECCKT format must be 15-41 alphanumerics special"
	},
	"LG0218": {
		"Type": "E",
		"Message": "ATN data invalid; valid format: NNNNNNNNNN or 'N' (new)"
	},
	"LG0219": {
		"Type": "E",
		"Message": "If order number is present must be 7 A/N. Format ANNNNNN"
	},
	"LG0220": {
		"Type": "E",
		"Message": "FUP cannot be saved on Cancel or PTB status."
	},
	"LG0222": {
		"Type": "E",
		"Message": "Issued cannot be performed until Provider data is entered."
	},
	"LG0223": {
		"Type": "E",
		"Message": "Cannot inactivate USER ID - User is currently logged on"
	},
	"LG0224": {
		"Type": "E",
		"Message": "Duplicate order # on LSR.  Re-retrieve and review ord #s at request and detail level"
	},
	"LG0225": {
		"Type": "E",
		"Message": "This Reason Code is not permitted for Request Type C"
	},
	"LG0226": {
		"Type": "E",
		"Message": "If ORD, LORD/ORDL, NPORD populated, must be 9 A/N.  Format NANNNNNNN."
	},
	"LG0227": {
		"Type": "E",
		"Message": "If req-level ORD populated, must be 9-13 A/N: NANNNNNNN, NANNNNNNNAN, NANNNNNNNANN, NANNNNNNNANNN"
	},
	"LG0228": {
		"Type": "E",
		"Message": "Year must be between 1998 and current year plus 1"
	},
	"LG0229": {
		"Type": "E",
		"Message": "Year must be between 1996 and current year plus 1"
	},
	"LG0230": {
		"Type": "E",
		"Message": "Year must be between 2001 and current year plus 1"
	},
	"LG0231": {
		"Type": "E",
		"Message": "Year must be between 2002 and current year plus 1"
	},
	"LG0233": {
		"Type": "E",
		"Message": "Request Status has changed.  Cannot update Order Number."
	},
	"LG0234": {
		"Type": "E",
		"Message": "Select another region. Your User ID does not provide access to the selected region."
	},
	"LG0236": {
		"Type": "E",
		"Message": "Invalid FECCKT format on FOC - must be 15-46 alpha/numeric/special"
	},
	"LG0237": {
		"Type": "E",
		"Message": "Invalid ECCKT/FECCKT format on Jep -- must be 15-46 alpha/numeric/special."
	},
	"LG0238": {
		"Type": "E",
		"Message": "Invalid ECCKT/FECCKT format on Provider - must be 15-46 alpha/numeric/special"
	},
	"LG0239": {
		"Type": "E",
		"Message": "Must enter Company Code or User ID."
	},
	"LG0240": {
		"Type": "E",
		"Message": "Follow-Up Date required with User ID."
	},
	"LG0241": {
		"Type": "E",
		"Message": "Order Number has been cancelled - cannot be entered on SOC."
	},
	"LG0242": {
		"Type": "E",
		"Message": "Multi-Region Indicator may not be activated if user-type = LSC Provider Rep"
	},
	"LG0243": {
		"Type": "E",
		"Message": "Maximum number of LSC Provider Reps has already been reached."
	},
	"LG0244": {
		"Type": "E",
		"Message": "If Cable ID is populated, then Chan/Pair must be populated."
	},
	"LG0245": {
		"Type": "E",
		"Message": "If CBCID is populated, then Chan/Pair must be populated."
	},
	"LG0246": {
		"Type": "E",
		"Message": "If Chan/Pair is populated, then Cable ID or CBCID must be populated."
	},
	"LG0247": {
		"Type": "Q",
		"Message": "Reqtype J not eligible for Provider Notification. %PARM%"
	},
	"LG0248": {
		"Type": "Q",
		"Message": "Request Activity must be V or W for Provider Notification. %PARM%"
	},
	"LG0249": {
		"Type": "Q",
		"Message": "Provider cannot be sent.  Method to send notice is blank in LASR. %PARM%"
	},
	"LG0250": {
		"Type": "E",
		"Message": "WTN or ECCKT required."
	},
	"LG0251": {
		"Type": "E",
		"Message": "Cannot populate both WTN and ECCKT."
	},
	"LG0252": {
		"Type": "E",
		"Message": "CVD must be current date or up to 30 days earlier than current date."
	},
	"LG0253": {
		"Type": "Q",
		"Message": "LSR and CC are valid for Provider. %PARM%"
	},
	"LG0254": {
		"Type": "Q",
		"Message": "Request must be in Completed or Posted status for Provider Notification. %PARM%"
	},
	"LG0255": {
		"Type": "Q",
		"Message": "Request converted from LSOG 3.6 after completion.  Not eligible for Provider Notification. %PARM%"
	},
	"LG0256": {
		"Type": "F",
		"Message": "Archive status has changed, must re-retrieve."
	},
	"LG0257": {
		"Type": "F",
		"Message": "Request is archived; must retrieve via Standard Select Request."
	},
	"LG0258": {
		"Type": "E",
		"Message": "Cable ID must be 1 - 5 A/N, no special characters allowed."
	},
	"LG0259": {
		"Type": "E",
		"Message": "CBCID must be 4 - 5 A/N, no special characters allowed."
	},
	"LG0260": {
		"Type": "E",
		"Message": "Chan Pair must be 1 - 5 Numeric."
	},
	"LG0261": {
		"Type": "E",
		"Message": "Only CBCID or CABLE ID can be populated."
	},
	"LG0262": {
		"Type": "E",
		"Message": "FDT required on FOC when DFDT is populated on LSR."
	},
	"LG0263": {
		"Type": "E",
		"Message": "If DD populated, must be less (earlier) than DD on previous FOC."
	},
	"LG0264": {
		"Type": "E",
		"Message": "If DD populated, must be equal or greater (later) than current date."
	},
	"LG0265": {
		"Type": "E",
		"Message": "If Time is populated, must be 01 through 12."
	},
	"LG0266": {
		"Type": "E",
		"Message": "AM/PM required when SM Time is populated, otherwise prohibited."
	},
	"LG0267": {
		"Type": "E",
		"Message": "Invalid System Code for this Mismatch Type."
	},
	"LG0268": {
		"Type": "E",
		"Message": "No matching request found."
	},
	"LG0269": {
		"Type": "E",
		"Message": "LSR No, PON, or Begin Date required."
	},
	"LG0270": {
		"Type": "E",
		"Message": "If Time is populated, SM Date cannot be blank."
	},
	"LG0271": {
		"Type": "E",
		"Message": "JEP RCODE of 4P or 4Q not sent, can't Issue Cancel."
	},
	"LG0272": {
		"Type": "E",
		"Message": "Year must be between 1996 and current year + 2"
	},
	"LG0273": {
		"Type": "E",
		"Message": "Cannot issue the PTB because the status is invalid."
	},
	"LG0274": {
		"Type": "E",
		"Message": "Must select an additional search field."
	},
	"LG0275": {
		"Type": "E",
		"Message": "Must populate CC plus one additional search field."
	},
	"LG0276": {
		"Type": "E",
		"Message": "Maximum of five open archived requests has been reached - must close one."
	},
	"LG0277": {
		"Type": "E",
		"Message": "Retrieval from Final Archive file initiated - may take up to 24 hours."
	},
	"LG0278": {
		"Type": "E",
		"Message": "Retrieval from Final Archive file still in progress - try again later."
	},
	"LG0279": {
		"Type": "E",
		"Message": "Select one archived request at a time."
	},
	"LG0280": {
		"Type": "E",
		"Message": "Cannot open archived and non-archived requests together."
	},
	"LG0281": {
		"Type": "E",
		"Message": "Action unsuccessful. LSR has been Archived. May be retrieved from Select Request screen."
	},
	"LG0282": {
		"Type": "E",
		"Message": "Update unsuccessful. One or more of the selected LSRs have been archived. Must re-retrieve."
	},
	"LG0283": {
		"Type": "E",
		"Message": "Password has expired.  Please enter and validate a new password."
	},
	"LG0284": {
		"Type": "E",
		"Message": "New Password is invalid."
	},
	"LG0285": {
		"Type": "E",
		"Message": "Userid is revoked."
	},
	"LG0286": {
		"Type": "E",
		"Message": "Userid is not authorized for the application."
	},
	"LG0287": {
		"Type": "E",
		"Message": "Error connecting to datagate. Number: %PARM%."
	},
	"LG0288": {
		"Type": "E",
		"Message": "NC is required when NCI is populated."
	},
	"LG0289": {
		"Type": "E",
		"Message": "NCI must be 5-12 a/n/s (-) (.)."
	},
	"LG0290": {
		"Type": "E",
		"Message": "NC must be 4 a/n/s (-)."
	},
	"LG0294": {
		"Type": "E",
		"Message": "All service orders must be cancelled to continue."
	},
	"LG0295": {
		"Type": "Q",
		"Message": "Are you sure you want to cancel this request."
	},
	"LG0296": {
		"Type": "E",
		"Message": "Cannot issue AT&T Cancel, greater LSR version exists."
	},
	"LG0298": {
		"Type": "E",
		"Message": "Please click the listen button on the LASR GUI toolbar prior to continuing."
	},
	"LG0299": {
		"Type": "E",
		"Message": "Just Go processing completed for LSR %PARM%."
	},
	"LG0300": {
		"Type": "E",
		"Message": "LSRN already in FOC status, JUST GO cannot be performed."
	},
	"LG0301": {
		"Type": "E",
		"Message": "Greater LSR version exists, JUST GO cannot be performed."
	},
	"LG0302": {
		"Type": "I",
		"Message": "Just Go is still Processing."
	},
	"LG0303": {
		"Type": "E",
		"Message": "Greater LSR version exists, WOW cannot be performed."
	},
	"LG0304": {
		"Type": "E",
		"Message": "System in Reflow so request %PARM% will be closed. Re-retrieval possible once Reflow processing is complete."
	},
	"LG0305": {
		"Type": "E",
		"Message": "New LSR with same TN/Circuit exists, JUST GO cannot be performed."
	},
	"LG0306": {
		"Type": "E",
		"Message": "Service order status invalid for ATTCANC."
	},
	"LG0307": {
		"Type": "I",
		"Message": "SORT processing successfully completed for LSR %PARM%"
	},
	"LG0308": {
		"Type": "E",
		"Message": "SORT errors detected for LSR %PARM%.  Please close and re-open the LSR to see the Errors."
	},
	"LG0309": {
		"Type": "E",
		"Message": "Re-Submit is still processing."
	},
	"LG0310": {
		"Type": "E",
		"Message": "Greater LSR version exists, SORT cannot be performed for LSR %PARM%."
	},
	"LG0311": {
		"Type": "E",
		"Message": "SORT is still processing."
	},
	"LG0312": {
		"Type": "E",
		"Message": "CC is invalid."
	},
	"LG0313": {
		"Type": "I",
		"Message": "Issue successful."
	},
	"LG0315": {
		"Type": "E",
		"Message": "Year must be between 2008 and current year plus 1."
	},
	"LG0316": {
		"Type": "E",
		"Message": "Primary order required in the ORD field.Please refresh the screen."
	},
	"LG0317": {
		"Type": "E",
		"Message": "Primary order required in the LORD field.Please refresh the screen."
	},
	"LG0318": {
		"Type": "E",
		"Message": "Primary order required in the DLORD field.Please refresh the screen."
	},
	"LG0319": {
		"Type": "E",
		"Message": "Notifications are not permitted on this Request Type."
	},
	"LG0400": {
		"Type": "E",
		"Message": "CVOIP request requires service order to be in OMS format."
	},
	"LG0401": {
		"Type": "E",
		"Message": "The action requested will not be processed. The LSR was submitted in a retired system."
	},
	"LG0402": {
		"Type": "E",
		"Message": "CLEC NOTES required for selected code."
	},
	"LG0403": {
		"Type": "E",
		"Message": "Select at least one reject which is not ‘OTHER’."
	}
}