{
	"AA - 12 states Dev": {
		"businessUnit": "S",
		"queueManager": "MQAA",
		"queueName": "LASRQL.IMA7.LASRGUI.TO.LASR",
		"readQueueName": "LASRQL.IMA7.LASR.TO.LASRGUI",	
		"channel": "CL.LASR.MQAA",
		"port": "1414",
		"hostName": "MVSMQAA.SBC.COM",
		"replyToQueueName": "LASR.LASRRT0.REPLY.1",
		"replyToQueueManagerName":"MQAA"
		
	},
	"B1 - 12 states Dev": {
		"queueManager": "MQAA",
		"queueName": "LASRQL.IA3A.LASRGUI.TO.LASRRT0",
		"readQueueName": "LASRQL.IA3A.LASR.TO.LASRGUI",	
		"channel": "CL.LASR.MQAA",
		"port": "1414",
		"hostName": "MVSMQAA.SBC.COM",
		"replyToQueueName": "LASR.LASRRT0.REPLY.1",
		"replyToQueueManagerName":"MQAA",
		"businessUnit" : "S"

	},
	"A0 - 12 states Dev": {
		"queueManager": "MQAA",
		"queueName": "LASRQL.IMA0.LASRGUI.TO.LASRRT0",
		"readQueueName": "LASRQL.IMA0.LASR.TO.LASRGUI",	
		"channel": "CL.LASR.MQAA",
		"port": "1414",
		"hostName": "MVSMQAA.SBC.COM",
		"replyToQueueName": "LASR.LASRRT0.REPLY.1",
		"replyToQueueManagerName":"MQAA",
		"businessUnit" : "S"

	},
	"D3 - 9 states Dev": {
		"queueManager": "D602",
		"queueName": "LASRQL.DI23.LASRGUI.TO.LASR",
		"readQueueName": "LASRQL.DI23.LASR.TO.LASRGUI.NEW",	
		"channel": "CL.LASR.D602",
		"port": "1414",
		"hostName": "RM11.MVS.SBC.COM",
		"replyToQueueName": "LASRQL.LASRRT0.REPLY.1",
		"replyToQueueManagerName":"D602",
		"businessUnit" : "B"
	},
	"D2 - 9 states Dev": {
		"queueManager": "D601",
		"queueName": "LASRQL.DI05.LASRGUI.TO.LASRRT0",
		"readQueueName": "LASRQL.DI05.LASR.TO.LASRGUI.NEW",	
		"channel": "CL.LASR.D601",
		"port": "1414",
		"hostName": "RM21.MVS.SBC.COM",
		"replyToQueueName": "LASRQL.LASRRT0.REPLY.1",
		"replyToQueueManagerName":"D601",
		"businessUnit" : "B"
	},
	"A2 - SW Clec Test": {
		"queueManager": "MQAA",
		"queueName": "LASRQL.SL.IA2A.LASRGUI.TO.LASRRT0",
		"readQueueName": "LASRQL.IA2A.LASR.TO.LASRGUI",	
		"channel": "CL.LASR.MQAA",
		"port": "1414",
		"hostName": "MVSMQAA.SBC.COM",
		"replyToQueueName": "LASR.LASRRT0.REPLY.1",
		"replyToQueueManagerName":"MQAA",
		"businessUnit" : "S"
	},
	"AH - SW prod mirror": {
		"queueManager": "MQAH",
		"queueName": "LASRQL.SL.LASRGUI.TO.LASRRT0",
		"readQueueName": "LASRQL.IMA8.LASR.TO.LASRGUI",	
		"channel": "CL.LASR.MQAH",
		"port": "1414",
		"hostName": "MVSHA00.SBC.COM",
		"replyToQueueName": "LASR.LASRRT0.REPLY.1",
		"replyToQueueManagerName":"MQAH",
		"businessUnit" : "S"
	},
	"A5 - SW System Test": {
		"queueManager": "MQAH",
		"queueName": "LASRQL.IMA5.LASRGUI.TO.LASR",
		"readQueueName": "LASRQL.IMA5.LASR.TO.LASRGUI",	
		"channel": "CL.LASR.MQAH",
		"port": "1414",
		"hostName": "MVSHA00.SBC.COM",
		"replyToQueueName": "LASR.LASRRT0.REPLY.1",
		"replyToQueueManagerName":"MQAH",
		"businessUnit" : "S"
	},
	"P1 - W Clec Test": {
		"queueManager": "MQDT",
		"queueName": "LASRQL.SR.CQA.LASRGUI.TO.LASRRT0",
		"readQueueName": "LASRQL.PIT1.LASR.TO.LASRGUI",	
		"channel": "CL.LASR.MQDT",
		"port": "1414",
		"hostName": "MVSCAST.SBC.COM",
		"replyToQueueName": "LASR.LASRRT0.REPLY.1",
		"replyToQueueManagerName":"MQDT",
		"businessUnit" : "P"
	},
		"T1 - MW Clec Test": {
		"queueManager": "MQDT",
		"queueName": "LASRQL.SR.CQA.LASRGUI.TO.LASRRT0",
		"readQueueName": "LASRQL.PIT1.LASR.TO.LASRGUI",	
		"channel": "CL.LASR.MQDT",
		"port": "1414",
		"hostName": "MVSCAST.SBC.COM",
		"replyToQueueName": "LASR.LASRRT0.REPLY.1",
		"replyToQueueManagerName":"MQDT",
		"businessUnit" : "A"
	},
    "P2 - W prod mirror": {
		"queueManager": "MQDT",
		"queueName": "LASRQL.SR.ILPDEV.LASRGUI.TO.LASRRT0",
		"readQueueName": "LASRQL.PIT2.LASR.TO.LASRGUI",	
		"channel": "CL.LASR.MQDT",
		"port": "1414",
		"hostName": "MVSCAST.SBC.COM",
		"replyToQueueName": "LASR.LASRRT0.REPLY.1",
		"replyToQueueManagerName":"MQDT",
		"businessUnit" : "P"
	},
	  "T2 - MW prod mirror": {
		"queueManager": "MQDT",
		"queueName": "LASRQL.SR.ILPDEV.LASRGUI.TO.LASRRT0",
		"readQueueName": "LASRQL.PIT2.LASR.TO.LASRGUI",	
		"channel": "CL.LASR.MQDT",
		"port": "1414",
		"hostName": "MVSCAST.SBC.COM",
		"replyToQueueName": "LASR.LASRRT0.REPLY.1",
		"replyToQueueManagerName":"MQDT",
		"businessUnit" : "A"
	},
	 "P3 - W System Test": {
		"queueManager": "MQDT",
		"queueName": "LASRQL.SR.LASRGUI.TO.LASRRT0",
		"readQueueName": "LASRQL.PIT3.LASR.TO.LASRGUI",	
		"channel": "CL.LASR.MQDT",
		"port": "1414",
		"hostName": "MVSCAST.SBC.COM",
		"replyToQueueName": "LASR.LASRRT0.REPLY.1",
		"replyToQueueManagerName":"MQDT",
		"businessUnit" : "P"
	},
	 "T3 - MW System Test": {
		"queueManager": "MQDT",
		"queueName": "LASRQL.SR.LASRGUI.TO.LASRRT0",
		"readQueueName": "LASRQL.PIT3.LASR.TO.LASRGUI",	
		"channel": "CL.LASR.MQDT",
		"port": "1414",
		"hostName": "MVSCAST.SBC.COM",
		"replyToQueueName": "LASR.LASRRT0.REPLY.1",
		"replyToQueueManagerName":"MQDT",
		"businessUnit" : "A"
	},
	
	 "D8 - SE RS2": {
		"queueManager": "D602",
		"queueName": "LASRQL.DI48.LASRGUI.TO.LASRRT0",
		"readQueueName": "LASRQL.DI48.LASR.TO.LASRGUI.NEW",	
		"channel": "CL.LASR.D602",
		"port": "1414",
		"hostName": "RM11.MVS.SBC.COM",
		"replyToQueueName": "LASRQL.LASRRT0.REPLY.1",
		"replyToQueueManagerName":"D602",
		"businessUnit" : "B"
	},
	
	"D5 - SE ST2": {
		"queueManager": "D602",
		"queueName": "LASRQL.DI53.LASRGUI.TO.LASR",
		"readQueueName": "LASRQL.DI53.LASR.TO.LASRGUI.NEW",	
		"channel": "CL.LASR.D602",
		"port": "1414",
		"hostName": "RM11.MVS.SBC.COM",
		"replyToQueueName": "LASRQL.LASRRT0.REPLY.1",
		"replyToQueueManagerName":"D602",
		"businessUnit" : "B"
	},
	"D6 - SE RS1": {
		"queueManager": "D601",
		"queueName": "LASRQL.DI26.LASRGUI.TO.LASRRT0",
		"readQueueName": "LASRQL.DI26.LASR.TO.LASRGUI.NEW",	
		"channel": "CL.LASR.D601",
		"port": "1414",
		"hostName": "RM21.MVS.SBC.COM",
		"replyToQueueName": "LASR.LASRRT0.REPLY.1",
		"replyToQueueManagerName":"D601",
		"businessUnit" : "B"
	},
	"D7 - SE ST1": {
		"queueManager": "D601",
		"queueName": "LASRQL.DI27.LASRGUI.TO.LASRRT0",
		"readQueueName": "LASRQL.DI27.LASR.TO.LASRGUI.NEW",	
		"channel": "CL.LASR.D601",
		"port": "1414",
		"hostName": "RM21.MVS.SBC.COM",
		"replyToQueueName": "LASR.LASRRT0.REPLY.1",
		"replyToQueueManagerName":"D601",
		"businessUnit" : "B"
	},
	"D9 - SE CAVE/CLEC": {
		"queueManager": "D602",
		"queueName": "LASRQL.DI19.LASRGUI.TO.LASRRT0",
		"readQueueName": "LASRQL.DI19.LASR.TO.LASRGUI.NEW",	
		"channel": "CL.LASR.D602",
		"port": "1414",
		"hostName": "CL.TLS12.D602",
		"replyToQueueName": "LASRQL.LASRRT0.REPLY.1",
		"replyToQueueManagerName":"D602",
		"businessUnit" : "B"
	},
	"SW Production": {
		"queueManager": "MQTB",
		"queueName": "LASRQL.DL.LASRGUI.TO.LASRRT0",
		"readQueueName": "LASRQL.IMT4.LASR.TO.LASRGUI",	
		"channel": "CL.LASR.MQTB",
		"port": "1414",
		"hostName": "MVSBT00.SBC.COM",
		"replyToQueueName": "LASR.LASRRT0.REPLY.1",
		"replyToQueueManagerName":"MQTB",
		"businessUnit" : "S"
	},
	"W Production": {
		"queueManager": "MQSF",
		"queueName": "LASRQL.SD.LASRGUI.TO.LASRRT0",
		"readQueueName": "LASRQL.PICS.LASR.TO.LASRGUI",	
		"channel": "CL.LASR.MQSF",
		"port": "1414",
		"hostName": "MVSSBJF.SBC.COM",
		"replyToQueueName": "LASR.LASRRT0.REPLY.1",
		"replyToQueueManagerName":"MQSF",
		"businessUnit" : "P"
	},
	"MW Production": {
		"queueManager": "MQCJ",
		"queueName": "LASRQL.LASRGUI.TO.LASRRT0",
		"readQueueName": "LASRQL.IMC8.LASR.TO.LASRGUI",	
		"channel": "CL.LASR.MQCJ",
		"port": "1414",
		"hostName": "MVSJC00.SBC.COM",
		"replyToQueueName": "LASR.LASRRT0.REPLY.1",
		"replyToQueueManagerName":"MQCJ",
		"businessUnit" : "A"
	},
	"SE Production": {
		"queueManager": "MQCE",
		"queueName": "LASRQL.LASRGUI.TO.LASRRT0",
		"readQueueName": "LASRQL.IMC3.LASR.TO.LASRGUI.NEW",	
		"channel": "CL.LASR.MQCE",
		"port": "1414",
		"hostName": "MVSEC00.SBC.COM",
		"replyToQueueName": "LASRQL.LASRRT0.REPLY.1",
		"replyToQueueManagerName":"MQCE",
		"businessUnit" : "B"
	}
	

}